"Attribute","Description","Valid Values","DependsOn","Required","Parent","Source","Validation Rules","columnType","Format","Minimum","Maximum","Pattern","IsTemplate"
"Clinical Metadata Template","A template outlining clinical metadata to collect for study subjects.","","program, project, species, individualID, diagnosis, age, ageUnits, sex, race, ethnicity, height, heightUnits, weight, weightUnits, comorbidities, notes","","","","","","","","","",TRUE
"vitiligo","A valid value of `diagnosis` that triggers conditional dependencies for additional attributes.","","vitiligoPattern, VIDA, VASI, VETI","","","","","","","","","",FALSE
"diabetes","A valid value of `comorbidities` that triggers conditional dependencies for additional attributes.","","diabetesType","","","","","","","","","",FALSE
"psoriasis","A valid value of `diagnosis` that triggers conditional dependencies for additional attributes.","","PASI","","","","","","","","","",FALSE
"dermatomyositis","A valid value of `diagnosis` that triggers conditional dependencies for additional attributes.","","CDASI","","","","","","","","","",FALSE
"AMP RA/SLE","Accelerating Medicines Partnership Rheumatoid Arthritis and Systemic Lupus Erythematosus. Is a valid value for 'program' that triggers conditional dependencies for additional attributes.","","visitID","","","","","","","","","",FALSE
"AMP AIM","Accelerating Medicines Partnership Autoimmune and Immune-Mediated Diseases. Is a valid value for 'program' that triggers conditional dependencies for additional attributes.","","visitID","","","","","","","","","",FALSE
"individualID","","","","TRUE","","","","string","","","","",FALSE
"project","","AIM for RA, ELLIPSS, LOCKIT, RA, SLE, STAMP, UMass V-CoRT, METRO","","TRUE","","","","string","","","","",FALSE
